filename,class
1.jpg,cracked
2.jpg,cracked
3.jpg,uncracked
4.jpg,uncracked
5.jpg,cracked
6.jpg,cracked
7.jpg,cracked
8.jpg,cracked
9.jpg,uncracked
10.jpg,cracked
11.jpg,cracked
12.jpg,cracked
13.jpg,cracked
14.jpg,cracked
15.jpg,uncracked
16.jpg,cracked
17.jpg,cracked
18.jpg,cracked
19.jpg,cracked
20.jpg,uncracked
21.jpg,uncracked
22.jpg,uncracked
23.jpg,cracked
24.jpg,uncracked
25.jpg,uncracked
26.jpg,cracked
27.jpg,cracked
28.jpg,uncracked
29.jpg,cracked
30.jpg,uncracked
31.jpg,uncracked
32.jpg,uncracked
33.jpg,uncracked
34.jpg,uncracked
35.jpg,cracked
36.jpg,cracked
37.jpg,cracked
38.jpg,uncracked
39.jpg,uncracked
40.jpg,uncracked
41.jpg,uncracked
42.jpg,cracked
43.jpg,cracked
44.jpg,cracked
45.jpg,uncracked
46.jpg,uncracked
47.jpg,uncracked
48.jpg,uncracked
49.jpg,uncracked
50.jpg,uncracked
51.jpg,cracked
52.jpg,cracked
53.jpg,cracked
54.jpg,uncracked
55.jpg,cracked
56.jpg,uncracked
57.jpg,cracked
58.jpg,uncracked
59.jpg,cracked
60.jpg,uncracked
61.jpg,uncracked
62.jpg,cracked
63.jpg,uncracked
64.jpg,cracked
65.jpg,cracked
66.jpg,uncracked
67.jpg,cracked
68.jpg,cracked
69.jpg,uncracked
70.jpg,uncracked
71.jpg,uncracked
72.jpg,cracked
73.jpg,uncracked
74.jpg,cracked
75.jpg,uncracked
76.jpg,cracked
77.jpg,cracked
78.jpg,uncracked
79.jpg,uncracked
80.jpg,cracked
81.jpg,cracked
82.jpg,cracked
83.jpg,cracked
84.jpg,cracked
85.jpg,cracked
86.jpg,uncracked
87.jpg,cracked
88.jpg,uncracked
89.jpg,cracked
90.jpg,cracked
91.jpg,uncracked
92.jpg,cracked
93.jpg,uncracked
94.jpg,uncracked
95.jpg,cracked
96.jpg,uncracked
97.jpg,uncracked
98.jpg,cracked
99.jpg,uncracked
100.jpg,cracked
101.jpg,cracked
102.jpg,cracked
103.jpg,uncracked
104.jpg,cracked
105.jpg,cracked
106.jpg,uncracked
107.jpg,cracked
108.jpg,uncracked
109.jpg,uncracked
110.jpg,uncracked
111.jpg,uncracked
112.jpg,uncracked
113.jpg,uncracked
114.jpg,cracked
115.jpg,uncracked
116.jpg,cracked
117.jpg,cracked
118.jpg,uncracked
119.jpg,cracked
120.jpg,uncracked
121.jpg,uncracked
122.jpg,uncracked
123.jpg,cracked
124.jpg,uncracked
125.jpg,uncracked
126.jpg,uncracked
127.jpg,uncracked
128.jpg,cracked
129.jpg,cracked
130.jpg,uncracked
131.jpg,cracked
132.jpg,cracked
133.jpg,uncracked
134.jpg,uncracked
135.jpg,cracked
136.jpg,uncracked
137.jpg,cracked
138.jpg,cracked
139.jpg,cracked
140.jpg,uncracked
141.jpg,cracked
142.jpg,cracked
143.jpg,cracked
144.jpg,cracked
145.jpg,uncracked
146.jpg,uncracked
147.jpg,cracked
148.jpg,uncracked
149.jpg,cracked
150.jpg,uncracked
151.jpg,cracked
152.jpg,uncracked
153.jpg,uncracked
154.jpg,uncracked
155.jpg,cracked
156.jpg,uncracked
157.jpg,cracked
158.jpg,uncracked
159.jpg,uncracked
160.jpg,uncracked
161.jpg,cracked
162.jpg,uncracked
163.jpg,uncracked
164.jpg,uncracked
165.jpg,uncracked
166.jpg,uncracked
167.jpg,cracked
168.jpg,uncracked
169.jpg,cracked
170.jpg,cracked
171.jpg,cracked
172.jpg,uncracked
173.jpg,uncracked
174.jpg,cracked
175.jpg,uncracked
176.jpg,uncracked
177.jpg,uncracked
178.jpg,cracked
179.jpg,uncracked
180.jpg,cracked
181.jpg,cracked
182.jpg,cracked
183.jpg,uncracked
184.jpg,uncracked
185.jpg,uncracked
186.jpg,uncracked
187.jpg,cracked
188.jpg,cracked
189.jpg,cracked
190.jpg,cracked
191.jpg,cracked
192.jpg,cracked
193.jpg,cracked
194.jpg,cracked
195.jpg,uncracked
196.jpg,uncracked
197.jpg,cracked
198.jpg,cracked
199.jpg,cracked
200.jpg,cracked
201.jpg,cracked
202.jpg,cracked
203.jpg,uncracked
204.jpg,uncracked
205.jpg,uncracked
206.jpg,uncracked
207.jpg,uncracked
208.jpg,cracked
209.jpg,uncracked
210.jpg,uncracked
211.jpg,uncracked
212.jpg,uncracked
213.jpg,cracked
214.jpg,cracked
215.jpg,uncracked
216.jpg,uncracked
217.jpg,cracked
218.jpg,uncracked
219.jpg,cracked
220.jpg,uncracked
221.jpg,uncracked
222.jpg,uncracked
223.jpg,uncracked
224.jpg,uncracked
225.jpg,cracked
226.jpg,uncracked
227.jpg,uncracked
228.jpg,uncracked
229.jpg,cracked
230.jpg,uncracked
231.jpg,cracked
232.jpg,uncracked
233.jpg,cracked
234.jpg,cracked
235.jpg,cracked
236.jpg,uncracked
237.jpg,cracked
238.jpg,cracked
239.jpg,uncracked
240.jpg,uncracked
241.jpg,cracked
242.jpg,cracked
243.jpg,uncracked
244.jpg,cracked
245.jpg,uncracked
246.jpg,uncracked
247.jpg,cracked
248.jpg,cracked
249.jpg,cracked
250.jpg,cracked
251.jpg,cracked
252.jpg,cracked
253.jpg,uncracked
254.jpg,uncracked
255.jpg,uncracked
256.jpg,uncracked
257.jpg,cracked
258.jpg,uncracked
259.jpg,cracked
260.jpg,uncracked
261.jpg,cracked
262.jpg,cracked
263.jpg,uncracked
264.jpg,uncracked
265.jpg,cracked
266.jpg,cracked
267.jpg,cracked
268.jpg,uncracked
269.jpg,cracked
270.jpg,uncracked
271.jpg,cracked
272.jpg,cracked
273.jpg,uncracked
274.jpg,uncracked
275.jpg,uncracked
276.jpg,cracked
277.jpg,cracked
278.jpg,uncracked
279.jpg,uncracked
280.jpg,uncracked
281.jpg,cracked
282.jpg,uncracked
283.jpg,cracked
284.jpg,cracked
285.jpg,uncracked
286.jpg,uncracked
287.jpg,uncracked
288.jpg,uncracked
289.jpg,cracked
290.jpg,uncracked
291.jpg,cracked
292.jpg,cracked
293.jpg,uncracked
294.jpg,cracked
295.jpg,uncracked
296.jpg,uncracked
297.jpg,uncracked
298.jpg,cracked
299.jpg,uncracked
300.jpg,uncracked
301.jpg,uncracked
302.jpg,uncracked
303.jpg,cracked
304.jpg,cracked
305.jpg,cracked
306.jpg,uncracked
307.jpg,uncracked
308.jpg,cracked
309.jpg,uncracked
310.jpg,uncracked
311.jpg,cracked
312.jpg,cracked
313.jpg,uncracked
314.jpg,uncracked
315.jpg,uncracked
316.jpg,cracked
317.jpg,uncracked
318.jpg,cracked
319.jpg,uncracked
320.jpg,uncracked
321.jpg,uncracked
322.jpg,uncracked
323.jpg,cracked
324.jpg,uncracked
325.jpg,cracked
326.jpg,uncracked
327.jpg,uncracked
328.jpg,cracked
329.jpg,uncracked
330.jpg,uncracked
331.jpg,cracked
332.jpg,cracked
333.jpg,uncracked
334.jpg,cracked
335.jpg,uncracked
336.jpg,uncracked
337.jpg,cracked
338.jpg,uncracked
339.jpg,uncracked
340.jpg,cracked
341.jpg,uncracked
342.jpg,cracked
343.jpg,cracked
344.jpg,cracked
345.jpg,uncracked
346.jpg,cracked
347.jpg,cracked
348.jpg,cracked
349.jpg,uncracked
350.jpg,uncracked
351.jpg,uncracked
352.jpg,uncracked
353.jpg,cracked
354.jpg,uncracked
355.jpg,cracked
356.jpg,uncracked
357.jpg,cracked
358.jpg,uncracked
359.jpg,uncracked
360.jpg,uncracked
361.jpg,cracked
362.jpg,uncracked
363.jpg,uncracked
364.jpg,cracked
365.jpg,cracked
366.jpg,cracked
367.jpg,uncracked
368.jpg,uncracked
369.jpg,uncracked
370.jpg,uncracked
371.jpg,uncracked
372.jpg,uncracked
373.jpg,cracked
374.jpg,cracked
375.jpg,cracked
376.jpg,cracked
377.jpg,cracked
378.jpg,uncracked
379.jpg,uncracked
380.jpg,uncracked
381.jpg,uncracked
382.jpg,cracked
383.jpg,cracked
384.jpg,uncracked
385.jpg,uncracked
386.jpg,cracked
387.jpg,uncracked
388.jpg,uncracked
389.jpg,cracked
390.jpg,uncracked
391.jpg,cracked
392.jpg,uncracked
393.jpg,uncracked
394.jpg,uncracked
395.jpg,cracked
396.jpg,uncracked
397.jpg,uncracked
398.jpg,cracked
399.jpg,uncracked
400.jpg,cracked
401.jpg,cracked
402.jpg,cracked
403.jpg,cracked
404.jpg,uncracked
405.jpg,cracked
406.jpg,uncracked
407.jpg,cracked
408.jpg,uncracked
409.jpg,cracked
410.jpg,uncracked
411.jpg,uncracked
412.jpg,uncracked
413.jpg,cracked
414.jpg,cracked
415.jpg,cracked
416.jpg,cracked
417.jpg,uncracked
418.jpg,uncracked
419.jpg,uncracked
420.jpg,cracked
421.jpg,uncracked
422.jpg,uncracked
423.jpg,cracked
424.jpg,cracked
425.jpg,cracked
426.jpg,uncracked
427.jpg,uncracked
428.jpg,uncracked
429.jpg,cracked
430.jpg,cracked
431.jpg,cracked
432.jpg,cracked
433.jpg,uncracked
434.jpg,cracked
435.jpg,uncracked
436.jpg,uncracked
437.jpg,cracked
438.jpg,cracked
439.jpg,uncracked
440.jpg,uncracked
441.jpg,cracked
442.jpg,uncracked
443.jpg,uncracked
444.jpg,uncracked
445.jpg,cracked
446.jpg,uncracked
447.jpg,uncracked
448.jpg,uncracked
449.jpg,cracked
450.jpg,cracked
451.jpg,uncracked
452.jpg,cracked
453.jpg,uncracked
454.jpg,uncracked
455.jpg,cracked
456.jpg,cracked
457.jpg,cracked
458.jpg,uncracked
459.jpg,uncracked
460.jpg,cracked
461.jpg,uncracked
462.jpg,cracked
463.jpg,cracked
464.jpg,cracked
465.jpg,cracked
466.jpg,uncracked
467.jpg,cracked
468.jpg,cracked
469.jpg,uncracked
470.jpg,uncracked
471.jpg,cracked
472.jpg,uncracked
473.jpg,cracked
474.jpg,uncracked
475.jpg,cracked
476.jpg,cracked
477.jpg,cracked
478.jpg,uncracked
479.jpg,cracked
480.jpg,cracked
481.jpg,uncracked
482.jpg,cracked
483.jpg,uncracked
484.jpg,cracked
485.jpg,uncracked
486.jpg,cracked
487.jpg,uncracked
488.jpg,cracked
489.jpg,uncracked
490.jpg,uncracked
491.jpg,cracked
492.jpg,cracked
493.jpg,cracked
494.jpg,cracked
495.jpg,uncracked
496.jpg,cracked
497.jpg,uncracked
498.jpg,uncracked
499.jpg,cracked
500.jpg,cracked
501.jpg,uncracked
502.jpg,cracked
503.jpg,cracked
504.jpg,uncracked
505.jpg,cracked
506.jpg,uncracked
507.jpg,cracked
508.jpg,cracked
509.jpg,uncracked
510.jpg,cracked
511.jpg,uncracked
512.jpg,cracked
513.jpg,uncracked
514.jpg,cracked
515.jpg,uncracked
516.jpg,cracked
517.jpg,uncracked
518.jpg,uncracked
519.jpg,cracked
520.jpg,uncracked
521.jpg,cracked
522.jpg,uncracked
523.jpg,cracked
524.jpg,cracked
525.jpg,cracked
526.jpg,uncracked
527.jpg,uncracked
528.jpg,cracked
529.jpg,uncracked
530.jpg,uncracked
531.jpg,uncracked
532.jpg,cracked
533.jpg,cracked
534.jpg,uncracked
535.jpg,uncracked
536.jpg,uncracked
537.jpg,uncracked
538.jpg,uncracked
539.jpg,cracked
540.jpg,uncracked
541.jpg,cracked
542.jpg,uncracked
543.jpg,cracked
544.jpg,cracked
545.jpg,uncracked
546.jpg,cracked
547.jpg,cracked
548.jpg,uncracked
549.jpg,cracked
550.jpg,cracked
551.jpg,uncracked
552.jpg,uncracked
553.jpg,cracked
554.jpg,cracked
555.jpg,cracked
556.jpg,cracked
557.jpg,cracked
558.jpg,cracked
559.jpg,uncracked
560.jpg,uncracked
561.jpg,uncracked
562.jpg,uncracked
563.jpg,cracked
564.jpg,cracked
565.jpg,uncracked
566.jpg,cracked
567.jpg,cracked
568.jpg,uncracked
569.jpg,cracked
570.jpg,uncracked
571.jpg,uncracked
572.jpg,uncracked
573.jpg,uncracked
574.jpg,cracked
575.jpg,uncracked
576.jpg,cracked
577.jpg,uncracked
578.jpg,cracked
579.jpg,uncracked
580.jpg,uncracked
581.jpg,uncracked
582.jpg,uncracked
583.jpg,cracked
584.jpg,uncracked
585.jpg,cracked
586.jpg,uncracked
587.jpg,cracked
588.jpg,uncracked
589.jpg,uncracked
590.jpg,cracked
591.jpg,uncracked
592.jpg,uncracked
593.jpg,cracked
594.jpg,uncracked
595.jpg,cracked
596.jpg,uncracked
597.jpg,cracked
598.jpg,cracked
599.jpg,cracked
600.jpg,uncracked
601.jpg,uncracked
602.jpg,uncracked
603.jpg,cracked
604.jpg,cracked
605.jpg,uncracked
606.jpg,cracked
607.jpg,uncracked
608.jpg,cracked
609.jpg,cracked
610.jpg,uncracked
611.jpg,uncracked
612.jpg,uncracked
613.jpg,uncracked
614.jpg,uncracked
615.jpg,uncracked
616.jpg,cracked
617.jpg,uncracked
618.jpg,uncracked
619.jpg,cracked
620.jpg,cracked
621.jpg,cracked
622.jpg,cracked
623.jpg,cracked
624.jpg,cracked
625.jpg,cracked
626.jpg,cracked
627.jpg,uncracked
628.jpg,cracked
629.jpg,cracked
630.jpg,uncracked
631.jpg,cracked
632.jpg,cracked
633.jpg,uncracked
634.jpg,uncracked
635.jpg,uncracked
636.jpg,cracked
637.jpg,uncracked
638.jpg,uncracked
639.jpg,uncracked
640.jpg,uncracked
641.jpg,cracked
642.jpg,uncracked
643.jpg,uncracked
644.jpg,uncracked
645.jpg,uncracked
646.jpg,uncracked
647.jpg,uncracked
648.jpg,uncracked
649.jpg,uncracked
650.jpg,uncracked
651.jpg,uncracked
652.jpg,cracked
653.jpg,cracked
654.jpg,uncracked
655.jpg,uncracked
656.jpg,uncracked
657.jpg,cracked
658.jpg,cracked
659.jpg,uncracked
660.jpg,uncracked
661.jpg,uncracked
662.jpg,cracked
663.jpg,uncracked
664.jpg,cracked
665.jpg,uncracked
666.jpg,uncracked
667.jpg,cracked
668.jpg,uncracked
669.jpg,cracked
670.jpg,cracked
671.jpg,uncracked
672.jpg,uncracked
673.jpg,cracked
674.jpg,cracked
675.jpg,uncracked
676.jpg,uncracked
677.jpg,uncracked
678.jpg,uncracked
679.jpg,uncracked
680.jpg,cracked
681.jpg,cracked
682.jpg,cracked
683.jpg,uncracked
684.jpg,uncracked
685.jpg,uncracked
686.jpg,cracked
687.jpg,uncracked
688.jpg,uncracked
689.jpg,uncracked
690.jpg,cracked
691.jpg,cracked
692.jpg,uncracked
693.jpg,uncracked
694.jpg,uncracked
695.jpg,uncracked
696.jpg,uncracked
697.jpg,uncracked
698.jpg,cracked
699.jpg,uncracked
700.jpg,cracked
701.jpg,cracked
702.jpg,uncracked
703.jpg,uncracked
704.jpg,cracked
705.jpg,cracked
706.jpg,cracked
707.jpg,uncracked
708.jpg,uncracked
709.jpg,cracked
710.jpg,cracked
711.jpg,uncracked
712.jpg,uncracked
713.jpg,uncracked
714.jpg,uncracked
715.jpg,uncracked
716.jpg,cracked
717.jpg,uncracked
718.jpg,cracked
719.jpg,cracked
720.jpg,uncracked
721.jpg,cracked
722.jpg,cracked
723.jpg,uncracked
724.jpg,cracked
725.jpg,cracked
726.jpg,uncracked
727.jpg,uncracked
728.jpg,cracked
729.jpg,uncracked
730.jpg,uncracked
731.jpg,cracked
732.jpg,cracked
733.jpg,uncracked
734.jpg,uncracked
735.jpg,uncracked
736.jpg,cracked
737.jpg,uncracked
738.jpg,cracked
739.jpg,cracked
740.jpg,cracked
741.jpg,uncracked
742.jpg,uncracked
743.jpg,cracked
744.jpg,cracked
745.jpg,uncracked
746.jpg,cracked
747.jpg,uncracked
748.jpg,uncracked
749.jpg,uncracked
750.jpg,cracked
751.jpg,uncracked
752.jpg,cracked
753.jpg,cracked
754.jpg,uncracked
755.jpg,cracked
756.jpg,uncracked
757.jpg,cracked
758.jpg,uncracked
759.jpg,uncracked
760.jpg,uncracked
761.jpg,uncracked
762.jpg,cracked
763.jpg,cracked
764.jpg,uncracked
765.jpg,uncracked
766.jpg,uncracked
767.jpg,cracked
768.jpg,uncracked
769.jpg,cracked
770.jpg,cracked
771.jpg,cracked
772.jpg,cracked
773.jpg,uncracked
774.jpg,cracked
775.jpg,uncracked
776.jpg,uncracked
777.jpg,cracked
778.jpg,cracked
779.jpg,uncracked
780.jpg,cracked
781.jpg,uncracked
782.jpg,cracked
783.jpg,cracked
784.jpg,uncracked
785.jpg,uncracked
786.jpg,cracked
787.jpg,cracked
788.jpg,cracked
789.jpg,cracked
790.jpg,cracked
791.jpg,uncracked
792.jpg,cracked
793.jpg,uncracked
794.jpg,cracked
795.jpg,uncracked
796.jpg,uncracked
797.jpg,uncracked
798.jpg,uncracked
799.jpg,uncracked
800.jpg,uncracked
801.jpg,uncracked
802.jpg,uncracked
803.jpg,uncracked
804.jpg,uncracked
805.jpg,cracked
806.jpg,uncracked
807.jpg,cracked
808.jpg,uncracked
809.jpg,uncracked
810.jpg,uncracked
811.jpg,uncracked
812.jpg,uncracked
813.jpg,cracked
814.jpg,uncracked
815.jpg,uncracked
816.jpg,cracked
817.jpg,cracked
818.jpg,cracked
819.jpg,uncracked
820.jpg,uncracked
821.jpg,uncracked
822.jpg,cracked
823.jpg,cracked
824.jpg,cracked
825.jpg,uncracked
826.jpg,cracked
827.jpg,uncracked
828.jpg,cracked
829.jpg,uncracked
830.jpg,cracked
831.jpg,uncracked
832.jpg,uncracked
833.jpg,cracked
834.jpg,uncracked
835.jpg,uncracked
836.jpg,uncracked
837.jpg,uncracked
838.jpg,uncracked
839.jpg,cracked
840.jpg,cracked
841.jpg,cracked
842.jpg,uncracked
843.jpg,cracked
844.jpg,uncracked
845.jpg,uncracked
846.jpg,uncracked
847.jpg,uncracked
848.jpg,uncracked
849.jpg,uncracked
850.jpg,uncracked
851.jpg,cracked
852.jpg,uncracked
853.jpg,uncracked
854.jpg,uncracked
855.jpg,uncracked
856.jpg,uncracked
857.jpg,uncracked
858.jpg,cracked
859.jpg,cracked
860.jpg,uncracked
861.jpg,uncracked
862.jpg,cracked
863.jpg,cracked
864.jpg,uncracked
865.jpg,uncracked
866.jpg,uncracked
867.jpg,uncracked
868.jpg,uncracked
869.jpg,uncracked
870.jpg,cracked
871.jpg,cracked
872.jpg,uncracked
873.jpg,uncracked
874.jpg,cracked
875.jpg,uncracked
876.jpg,uncracked
877.jpg,uncracked
878.jpg,uncracked
879.jpg,cracked
880.jpg,uncracked
881.jpg,cracked
882.jpg,cracked
883.jpg,uncracked
884.jpg,uncracked
885.jpg,uncracked
886.jpg,cracked
887.jpg,cracked
888.jpg,uncracked
889.jpg,uncracked
890.jpg,uncracked
891.jpg,cracked
892.jpg,cracked
893.jpg,cracked
894.jpg,uncracked
895.jpg,uncracked
896.jpg,cracked
897.jpg,uncracked
898.jpg,uncracked
899.jpg,cracked
900.jpg,uncracked
901.jpg,uncracked
902.jpg,uncracked
903.jpg,uncracked
904.jpg,cracked
905.jpg,cracked
906.jpg,cracked
907.jpg,cracked
908.jpg,cracked
909.jpg,cracked
910.jpg,uncracked
911.jpg,cracked
912.jpg,uncracked
913.jpg,uncracked
914.jpg,cracked
915.jpg,uncracked
916.jpg,cracked
917.jpg,uncracked
918.jpg,cracked
919.jpg,cracked
920.jpg,uncracked
921.jpg,cracked
922.jpg,uncracked
923.jpg,cracked
924.jpg,uncracked
925.jpg,uncracked
926.jpg,cracked
927.jpg,uncracked
928.jpg,uncracked
929.jpg,uncracked
930.jpg,uncracked
931.jpg,cracked
932.jpg,uncracked
933.jpg,uncracked
934.jpg,cracked
935.jpg,uncracked
936.jpg,cracked
937.jpg,uncracked
938.jpg,cracked
939.jpg,cracked
940.jpg,cracked
941.jpg,cracked
942.jpg,uncracked
943.jpg,cracked
944.jpg,uncracked
945.jpg,uncracked
946.jpg,uncracked
947.jpg,uncracked
948.jpg,uncracked
949.jpg,uncracked
950.jpg,uncracked
951.jpg,cracked
952.jpg,cracked
953.jpg,uncracked
954.jpg,cracked
955.jpg,uncracked
956.jpg,uncracked
957.jpg,uncracked
958.jpg,uncracked
959.jpg,cracked
960.jpg,uncracked
961.jpg,uncracked
962.jpg,cracked
963.jpg,cracked
964.jpg,uncracked
965.jpg,cracked
966.jpg,cracked
967.jpg,uncracked
968.jpg,cracked
969.jpg,cracked
970.jpg,cracked
971.jpg,uncracked
972.jpg,cracked
973.jpg,cracked
974.jpg,cracked
975.jpg,uncracked
976.jpg,uncracked
977.jpg,uncracked
978.jpg,cracked
979.jpg,cracked
980.jpg,cracked
981.jpg,cracked
982.jpg,uncracked
983.jpg,uncracked
984.jpg,uncracked
985.jpg,uncracked
986.jpg,uncracked
987.jpg,uncracked
988.jpg,uncracked
989.jpg,uncracked
990.jpg,cracked
991.jpg,uncracked
992.jpg,uncracked
993.jpg,cracked
994.jpg,uncracked
995.jpg,cracked
996.jpg,uncracked
997.jpg,uncracked
998.jpg,cracked
999.jpg,uncracked
1000.jpg,uncracked
1001.jpg,uncracked
1002.jpg,cracked
1003.jpg,cracked
1004.jpg,uncracked
1005.jpg,cracked
1006.jpg,cracked
1007.jpg,cracked
1008.jpg,uncracked
1009.jpg,cracked
1010.jpg,uncracked
1011.jpg,uncracked
1012.jpg,uncracked
1013.jpg,cracked
1014.jpg,uncracked
1015.jpg,uncracked
1016.jpg,uncracked
1017.jpg,cracked
1018.jpg,uncracked
1019.jpg,cracked
1020.jpg,cracked
1021.jpg,uncracked
1022.jpg,cracked
1023.jpg,uncracked
1024.jpg,uncracked
1025.jpg,cracked
1026.jpg,cracked
1027.jpg,cracked
1028.jpg,cracked
1029.jpg,uncracked
1030.jpg,cracked
1031.jpg,uncracked
1032.jpg,uncracked
1033.jpg,uncracked
1034.jpg,cracked
1035.jpg,uncracked
1036.jpg,cracked
1037.jpg,uncracked
1038.jpg,uncracked
1039.jpg,cracked
1040.jpg,uncracked
1041.jpg,uncracked
1042.jpg,cracked
1043.jpg,uncracked
1044.jpg,uncracked
1045.jpg,uncracked
1046.jpg,cracked
1047.jpg,uncracked
1048.jpg,uncracked
1049.jpg,uncracked
1050.jpg,cracked
1051.jpg,cracked
1052.jpg,uncracked
1053.jpg,cracked
1054.jpg,cracked
1055.jpg,cracked
1056.jpg,cracked
1057.jpg,cracked
1058.jpg,cracked
1059.jpg,cracked
1060.jpg,uncracked
1061.jpg,uncracked
1062.jpg,cracked
1063.jpg,uncracked
1064.jpg,cracked
1065.jpg,uncracked
1066.jpg,cracked
1067.jpg,uncracked
1068.jpg,uncracked
1069.jpg,uncracked
1070.jpg,cracked
1071.jpg,cracked
1072.jpg,uncracked
1073.jpg,cracked
1074.jpg,uncracked
1075.jpg,uncracked
1076.jpg,uncracked
1077.jpg,cracked
1078.jpg,cracked
1079.jpg,uncracked
1080.jpg,uncracked
1081.jpg,uncracked
1082.jpg,cracked
1083.jpg,cracked
1084.jpg,cracked
1085.jpg,uncracked
1086.jpg,cracked
1087.jpg,uncracked
1088.jpg,uncracked
1089.jpg,cracked
1090.jpg,cracked
1091.jpg,uncracked
1092.jpg,cracked
1093.jpg,uncracked
1094.jpg,cracked
1095.jpg,uncracked
1096.jpg,uncracked
1097.jpg,cracked
1098.jpg,uncracked
1099.jpg,uncracked
1100.jpg,cracked
1101.jpg,uncracked
1102.jpg,uncracked
1103.jpg,cracked
1104.jpg,cracked
1105.jpg,cracked
1106.jpg,cracked
1107.jpg,cracked
1108.jpg,cracked
1109.jpg,uncracked
1110.jpg,cracked
1111.jpg,uncracked
1112.jpg,uncracked
1113.jpg,uncracked
1114.jpg,uncracked
1115.jpg,uncracked
1116.jpg,uncracked
1117.jpg,cracked
1118.jpg,uncracked
1119.jpg,uncracked
1120.jpg,cracked
1121.jpg,uncracked
1122.jpg,cracked
1123.jpg,cracked
1124.jpg,uncracked
1125.jpg,cracked
1126.jpg,uncracked
1127.jpg,cracked
1128.jpg,uncracked
1129.jpg,cracked
1130.jpg,uncracked
1131.jpg,cracked
1132.jpg,uncracked
1133.jpg,cracked
1134.jpg,cracked
1135.jpg,uncracked
1136.jpg,uncracked
1137.jpg,uncracked
1138.jpg,cracked
1139.jpg,uncracked
1140.jpg,uncracked
1141.jpg,cracked
1142.jpg,uncracked
1143.jpg,uncracked
1144.jpg,uncracked
1145.jpg,uncracked
1146.jpg,uncracked
1147.jpg,cracked
1148.jpg,uncracked
1149.jpg,cracked
1150.jpg,uncracked
1151.jpg,uncracked
1152.jpg,uncracked
1153.jpg,uncracked
1154.jpg,cracked
1155.jpg,uncracked
1156.jpg,uncracked
1157.jpg,cracked
1158.jpg,uncracked
1159.jpg,uncracked
1160.jpg,cracked
1161.jpg,cracked
1162.jpg,cracked
1163.jpg,cracked
1164.jpg,uncracked
1165.jpg,uncracked
1166.jpg,uncracked
1167.jpg,uncracked
1168.jpg,cracked
1169.jpg,uncracked
1170.jpg,uncracked
1171.jpg,uncracked
1172.jpg,uncracked
1173.jpg,uncracked
1174.jpg,cracked
1175.jpg,uncracked
1176.jpg,cracked
1177.jpg,cracked
1178.jpg,cracked
1179.jpg,uncracked
1180.jpg,uncracked
1181.jpg,uncracked
1182.jpg,uncracked
1183.jpg,cracked
1184.jpg,cracked
1185.jpg,cracked
1186.jpg,cracked
1187.jpg,cracked
1188.jpg,cracked
1189.jpg,cracked
1190.jpg,uncracked
1191.jpg,cracked
1192.jpg,uncracked
1193.jpg,cracked
1194.jpg,cracked
1195.jpg,uncracked
1196.jpg,cracked
1197.jpg,cracked
1198.jpg,cracked
1199.jpg,uncracked
1200.jpg,uncracked
1201.jpg,uncracked
1202.jpg,uncracked
1203.jpg,uncracked
1204.jpg,uncracked
1205.jpg,uncracked
1206.jpg,cracked
1207.jpg,uncracked
1208.jpg,cracked
1209.jpg,uncracked
1210.jpg,cracked
1211.jpg,cracked
1212.jpg,cracked
1213.jpg,cracked
1214.jpg,cracked
1215.jpg,cracked
1216.jpg,cracked
1217.jpg,uncracked
1218.jpg,uncracked
1219.jpg,cracked
1220.jpg,cracked
1221.jpg,uncracked
1222.jpg,cracked
1223.jpg,cracked
1224.jpg,uncracked
1225.jpg,cracked
1226.jpg,uncracked
1227.jpg,cracked
1228.jpg,uncracked
1229.jpg,cracked
1230.jpg,uncracked
1231.jpg,uncracked
1232.jpg,uncracked
1233.jpg,cracked
1234.jpg,uncracked
1235.jpg,cracked
1236.jpg,cracked
1237.jpg,uncracked
1238.jpg,cracked
1239.jpg,cracked
1240.jpg,uncracked
1241.jpg,cracked
1242.jpg,uncracked
1243.jpg,cracked
1244.jpg,cracked
1245.jpg,cracked
1246.jpg,cracked
1247.jpg,cracked
1248.jpg,uncracked
1249.jpg,cracked
1250.jpg,uncracked
1251.jpg,cracked
1252.jpg,uncracked
1253.jpg,uncracked
1254.jpg,uncracked
1255.jpg,uncracked
1256.jpg,uncracked
1257.jpg,cracked
1258.jpg,uncracked
1259.jpg,uncracked
1260.jpg,uncracked
1261.jpg,uncracked
1262.jpg,cracked
1263.jpg,cracked
1264.jpg,uncracked
1265.jpg,cracked
1266.jpg,cracked
1267.jpg,uncracked
1268.jpg,cracked
1269.jpg,uncracked
1270.jpg,cracked
1271.jpg,cracked
1272.jpg,uncracked
1273.jpg,uncracked
1274.jpg,uncracked
1275.jpg,uncracked
1276.jpg,cracked
1277.jpg,uncracked
1278.jpg,uncracked
1279.jpg,uncracked
1280.jpg,uncracked
1281.jpg,uncracked
1282.jpg,uncracked
1283.jpg,cracked
1284.jpg,cracked
1285.jpg,uncracked
1286.jpg,cracked
1287.jpg,uncracked
1288.jpg,uncracked
1289.jpg,cracked
1290.jpg,cracked
1291.jpg,uncracked
1292.jpg,uncracked
1293.jpg,cracked
1294.jpg,cracked
1295.jpg,uncracked
1296.jpg,uncracked
1297.jpg,uncracked
1298.jpg,cracked
1299.jpg,uncracked
1300.jpg,uncracked
1301.jpg,uncracked
1302.jpg,cracked
1303.jpg,cracked
1304.jpg,uncracked
1305.jpg,uncracked
1306.jpg,uncracked
1307.jpg,cracked
1308.jpg,uncracked
1309.jpg,uncracked
1310.jpg,uncracked
1311.jpg,cracked
1312.jpg,uncracked
1313.jpg,cracked
1314.jpg,uncracked
1315.jpg,uncracked
1316.jpg,uncracked
1317.jpg,uncracked
1318.jpg,cracked
1319.jpg,uncracked
1320.jpg,cracked
1321.jpg,uncracked
1322.jpg,uncracked
1323.jpg,cracked
1324.jpg,cracked
1325.jpg,cracked
1326.jpg,cracked
1327.jpg,uncracked
1328.jpg,uncracked
1329.jpg,cracked
1330.jpg,cracked
1331.jpg,uncracked
1332.jpg,uncracked
1333.jpg,cracked
1334.jpg,cracked
1335.jpg,cracked
1336.jpg,cracked
1337.jpg,uncracked
1338.jpg,cracked
1339.jpg,uncracked
1340.jpg,uncracked
1341.jpg,uncracked
1342.jpg,cracked
1343.jpg,cracked
1344.jpg,cracked
1345.jpg,uncracked
1346.jpg,cracked
1347.jpg,uncracked
1348.jpg,cracked
1349.jpg,cracked
1350.jpg,uncracked
1351.jpg,uncracked
1352.jpg,uncracked
1353.jpg,uncracked
1354.jpg,uncracked
1355.jpg,uncracked
1356.jpg,cracked
1357.jpg,cracked
1358.jpg,uncracked
1359.jpg,uncracked
1360.jpg,uncracked
1361.jpg,uncracked
1362.jpg,cracked
1363.jpg,cracked
1364.jpg,uncracked
1365.jpg,uncracked
1366.jpg,cracked
1367.jpg,uncracked
1368.jpg,uncracked
1369.jpg,cracked
1370.jpg,uncracked
1371.jpg,cracked
1372.jpg,uncracked
1373.jpg,uncracked
1374.jpg,cracked
1375.jpg,uncracked
1376.jpg,uncracked
1377.jpg,cracked
1378.jpg,cracked
1379.jpg,cracked
1380.jpg,cracked
1381.jpg,cracked
1382.jpg,cracked
1383.jpg,cracked
1384.jpg,uncracked
1385.jpg,uncracked
1386.jpg,cracked
1387.jpg,uncracked
1388.jpg,cracked
1389.jpg,uncracked
1390.jpg,uncracked
1391.jpg,uncracked
1392.jpg,cracked
1393.jpg,cracked
1394.jpg,cracked
1395.jpg,uncracked
1396.jpg,uncracked
1397.jpg,uncracked
1398.jpg,cracked
1399.jpg,cracked
1400.jpg,cracked
1401.jpg,cracked
1402.jpg,cracked
1403.jpg,cracked
1404.jpg,uncracked
1405.jpg,cracked
1406.jpg,uncracked
1407.jpg,uncracked
1408.jpg,uncracked
1409.jpg,cracked
1410.jpg,uncracked
1411.jpg,cracked
1412.jpg,uncracked
1413.jpg,uncracked
1414.jpg,uncracked
1415.jpg,uncracked
1416.jpg,uncracked
1417.jpg,cracked
1418.jpg,cracked
1419.jpg,cracked
1420.jpg,cracked
1421.jpg,uncracked
1422.jpg,uncracked
1423.jpg,cracked
1424.jpg,cracked
1425.jpg,uncracked
1426.jpg,cracked
1427.jpg,uncracked
1428.jpg,cracked
1429.jpg,cracked
1430.jpg,cracked
1431.jpg,cracked
1432.jpg,uncracked
1433.jpg,uncracked
1434.jpg,cracked
1435.jpg,uncracked
1436.jpg,cracked
1437.jpg,uncracked
1438.jpg,cracked
1439.jpg,uncracked
1440.jpg,uncracked
1441.jpg,uncracked
1442.jpg,uncracked
1443.jpg,cracked
1444.jpg,cracked
1445.jpg,uncracked
1446.jpg,uncracked
1447.jpg,cracked
1448.jpg,uncracked
1449.jpg,cracked
1450.jpg,uncracked
1451.jpg,cracked
1452.jpg,cracked
1453.jpg,cracked
1454.jpg,uncracked
1455.jpg,cracked
1456.jpg,uncracked
1457.jpg,uncracked
1458.jpg,uncracked
1459.jpg,cracked
1460.jpg,cracked
1461.jpg,cracked
1462.jpg,uncracked
1463.jpg,cracked
1464.jpg,uncracked
1465.jpg,cracked
1466.jpg,uncracked
1467.jpg,cracked
1468.jpg,cracked
1469.jpg,uncracked
1470.jpg,cracked
1471.jpg,uncracked
1472.jpg,cracked
1473.jpg,cracked
1474.jpg,cracked
1475.jpg,cracked
1476.jpg,cracked
1477.jpg,cracked
1478.jpg,uncracked
1479.jpg,uncracked
1480.jpg,uncracked
1481.jpg,cracked
1482.jpg,uncracked
1483.jpg,uncracked
1484.jpg,uncracked
1485.jpg,cracked
1486.jpg,cracked
1487.jpg,uncracked
1488.jpg,uncracked
1489.jpg,cracked
1490.jpg,uncracked
1491.jpg,cracked
1492.jpg,uncracked
1493.jpg,cracked
1494.jpg,uncracked
1495.jpg,cracked
1496.jpg,uncracked
1497.jpg,uncracked
1498.jpg,cracked
1499.jpg,cracked
1500.jpg,cracked
1501.jpg,uncracked
1502.jpg,cracked
1503.jpg,cracked
1504.jpg,cracked
1505.jpg,uncracked
1506.jpg,uncracked
1507.jpg,uncracked
1508.jpg,uncracked
1509.jpg,uncracked
1510.jpg,cracked
1511.jpg,cracked
1512.jpg,cracked
1513.jpg,cracked
1514.jpg,uncracked
1515.jpg,cracked
1516.jpg,cracked
1517.jpg,uncracked
1518.jpg,cracked
1519.jpg,uncracked
1520.jpg,uncracked
1521.jpg,uncracked
1522.jpg,cracked
1523.jpg,cracked
1524.jpg,uncracked
1525.jpg,uncracked
1526.jpg,cracked
1527.jpg,cracked
1528.jpg,uncracked
1529.jpg,uncracked
1530.jpg,cracked
1531.jpg,uncracked
1532.jpg,uncracked
1533.jpg,uncracked
1534.jpg,cracked
1535.jpg,cracked
1536.jpg,uncracked
1537.jpg,uncracked
1538.jpg,uncracked
1539.jpg,uncracked
1540.jpg,uncracked
1541.jpg,uncracked
1542.jpg,uncracked
1543.jpg,cracked
1544.jpg,uncracked
1545.jpg,cracked
1546.jpg,cracked
1547.jpg,cracked
1548.jpg,uncracked
1549.jpg,cracked
1550.jpg,uncracked
1551.jpg,cracked
1552.jpg,uncracked
1553.jpg,cracked
1554.jpg,uncracked
1555.jpg,cracked
1556.jpg,cracked
1557.jpg,uncracked
1558.jpg,cracked
1559.jpg,cracked
1560.jpg,cracked
1561.jpg,uncracked
1562.jpg,uncracked
1563.jpg,uncracked
1564.jpg,uncracked
1565.jpg,uncracked
1566.jpg,cracked
1567.jpg,cracked
1568.jpg,uncracked
1569.jpg,cracked
1570.jpg,cracked
1571.jpg,uncracked
1572.jpg,cracked
1573.jpg,cracked
1574.jpg,uncracked
1575.jpg,cracked
1576.jpg,uncracked
1577.jpg,cracked
1578.jpg,uncracked
1579.jpg,uncracked
1580.jpg,uncracked
1581.jpg,uncracked
1582.jpg,cracked
1583.jpg,uncracked
1584.jpg,cracked
1585.jpg,uncracked
1586.jpg,uncracked
1587.jpg,uncracked
1588.jpg,uncracked
1589.jpg,cracked
1590.jpg,cracked
1591.jpg,uncracked
1592.jpg,uncracked
1593.jpg,cracked
1594.jpg,cracked
1595.jpg,uncracked
1596.jpg,uncracked
1597.jpg,uncracked
1598.jpg,uncracked
1599.jpg,cracked
1600.jpg,cracked
1601.jpg,uncracked
1602.jpg,cracked
1603.jpg,cracked
1604.jpg,cracked
1605.jpg,cracked
1606.jpg,uncracked
1607.jpg,cracked
1608.jpg,cracked
1609.jpg,cracked
1610.jpg,cracked
1611.jpg,cracked
1612.jpg,uncracked
1613.jpg,cracked
1614.jpg,uncracked
1615.jpg,cracked
1616.jpg,uncracked
1617.jpg,cracked
1618.jpg,uncracked
1619.jpg,cracked
1620.jpg,cracked
1621.jpg,uncracked
1622.jpg,cracked
1623.jpg,cracked
1624.jpg,cracked
1625.jpg,uncracked
1626.jpg,uncracked
1627.jpg,uncracked
1628.jpg,cracked
1629.jpg,cracked
1630.jpg,cracked
1631.jpg,cracked
1632.jpg,uncracked
1633.jpg,uncracked
1634.jpg,cracked
1635.jpg,uncracked
1636.jpg,uncracked
1637.jpg,uncracked
1638.jpg,cracked
1639.jpg,cracked
1640.jpg,cracked
1641.jpg,uncracked
1642.jpg,cracked
1643.jpg,cracked
1644.jpg,uncracked
1645.jpg,uncracked
1646.jpg,cracked
1647.jpg,uncracked
1648.jpg,uncracked
1649.jpg,uncracked
1650.jpg,cracked
1651.jpg,uncracked
1652.jpg,uncracked
1653.jpg,uncracked
1654.jpg,uncracked
1655.jpg,uncracked
1656.jpg,cracked
1657.jpg,cracked
1658.jpg,uncracked
1659.jpg,uncracked
1660.jpg,cracked
1661.jpg,cracked
1662.jpg,uncracked
1663.jpg,cracked
1664.jpg,cracked
1665.jpg,uncracked
1666.jpg,uncracked
1667.jpg,cracked
1668.jpg,cracked
1669.jpg,cracked
1670.jpg,uncracked
1671.jpg,cracked
1672.jpg,uncracked
1673.jpg,uncracked
1674.jpg,uncracked
1675.jpg,uncracked
1676.jpg,uncracked
1677.jpg,uncracked
1678.jpg,uncracked
1679.jpg,uncracked
1680.jpg,cracked
1681.jpg,cracked
1682.jpg,uncracked
1683.jpg,uncracked
1684.jpg,uncracked
1685.jpg,uncracked
1686.jpg,uncracked
1687.jpg,cracked
1688.jpg,cracked
1689.jpg,cracked
1690.jpg,uncracked
1691.jpg,uncracked
1692.jpg,uncracked
1693.jpg,uncracked
1694.jpg,uncracked
1695.jpg,uncracked
1696.jpg,uncracked
1697.jpg,uncracked
1698.jpg,cracked
1699.jpg,uncracked
1700.jpg,uncracked
1701.jpg,uncracked
1702.jpg,uncracked
1703.jpg,uncracked
1704.jpg,cracked
1705.jpg,uncracked
1706.jpg,uncracked
1707.jpg,cracked
1708.jpg,cracked
1709.jpg,uncracked
1710.jpg,cracked
1711.jpg,uncracked
1712.jpg,uncracked
1713.jpg,cracked
1714.jpg,uncracked
1715.jpg,uncracked
1716.jpg,cracked
1717.jpg,uncracked
1718.jpg,uncracked
1719.jpg,uncracked
1720.jpg,uncracked
1721.jpg,uncracked
1722.jpg,uncracked
1723.jpg,uncracked
1724.jpg,cracked
1725.jpg,cracked
1726.jpg,uncracked
1727.jpg,uncracked
1728.jpg,cracked
1729.jpg,cracked
1730.jpg,uncracked
1731.jpg,cracked
1732.jpg,cracked
1733.jpg,cracked
1734.jpg,cracked
1735.jpg,cracked
1736.jpg,uncracked
1737.jpg,uncracked
1738.jpg,uncracked
1739.jpg,uncracked
1740.jpg,uncracked
1741.jpg,cracked
1742.jpg,uncracked
1743.jpg,cracked
1744.jpg,cracked
1745.jpg,uncracked
1746.jpg,uncracked
1747.jpg,uncracked
1748.jpg,uncracked
1749.jpg,uncracked
1750.jpg,cracked
1751.jpg,cracked
1752.jpg,uncracked
1753.jpg,uncracked
1754.jpg,cracked
1755.jpg,cracked
1756.jpg,uncracked
1757.jpg,cracked
1758.jpg,uncracked
1759.jpg,cracked
1760.jpg,uncracked
1761.jpg,cracked
1762.jpg,cracked
1763.jpg,uncracked
1764.jpg,cracked
1765.jpg,cracked
1766.jpg,uncracked
1767.jpg,uncracked
1768.jpg,uncracked
1769.jpg,cracked
1770.jpg,cracked
1771.jpg,uncracked
1772.jpg,uncracked
1773.jpg,uncracked
1774.jpg,cracked
1775.jpg,cracked
1776.jpg,cracked
1777.jpg,cracked
1778.jpg,cracked
1779.jpg,cracked
1780.jpg,uncracked
1781.jpg,cracked
1782.jpg,cracked
1783.jpg,cracked
1784.jpg,cracked
1785.jpg,cracked
1786.jpg,cracked
1787.jpg,uncracked
1788.jpg,uncracked
1789.jpg,cracked
1790.jpg,uncracked
1791.jpg,uncracked
1792.jpg,cracked
1793.jpg,cracked
1794.jpg,cracked
1795.jpg,uncracked
1796.jpg,uncracked
1797.jpg,uncracked
1798.jpg,cracked
1799.jpg,cracked
1800.jpg,cracked
1801.jpg,uncracked
1802.jpg,uncracked
1803.jpg,cracked
1804.jpg,cracked
1805.jpg,uncracked
1806.jpg,uncracked
1807.jpg,cracked
1808.jpg,cracked
1809.jpg,cracked
1810.jpg,uncracked
1811.jpg,uncracked
1812.jpg,uncracked
1813.jpg,cracked
1814.jpg,uncracked
1815.jpg,uncracked
1816.jpg,uncracked
1817.jpg,cracked
1818.jpg,uncracked
1819.jpg,uncracked
1820.jpg,uncracked
1821.jpg,cracked
1822.jpg,uncracked
1823.jpg,cracked
1824.jpg,cracked
1825.jpg,cracked
1826.jpg,cracked
1827.jpg,uncracked
1828.jpg,uncracked
1829.jpg,uncracked
1830.jpg,cracked
1831.jpg,uncracked
1832.jpg,uncracked
1833.jpg,cracked
1834.jpg,uncracked
1835.jpg,cracked
1836.jpg,cracked
1837.jpg,cracked
1838.jpg,uncracked
1839.jpg,cracked
1840.jpg,uncracked
1841.jpg,cracked
1842.jpg,uncracked
1843.jpg,cracked
1844.jpg,uncracked
1845.jpg,uncracked
1846.jpg,cracked
1847.jpg,cracked
1848.jpg,uncracked
1849.jpg,uncracked
1850.jpg,cracked
1851.jpg,cracked
1852.jpg,uncracked
1853.jpg,cracked
1854.jpg,uncracked
1855.jpg,cracked
1856.jpg,cracked
1857.jpg,uncracked
1858.jpg,cracked
1859.jpg,uncracked
1860.jpg,cracked
1861.jpg,cracked
1862.jpg,cracked
1863.jpg,cracked
1864.jpg,cracked
1865.jpg,uncracked
1866.jpg,uncracked
1867.jpg,uncracked
1868.jpg,uncracked
1869.jpg,cracked
1870.jpg,cracked
1871.jpg,cracked
1872.jpg,cracked
1873.jpg,cracked
1874.jpg,uncracked
1875.jpg,uncracked
1876.jpg,cracked
1877.jpg,cracked
1878.jpg,uncracked
1879.jpg,uncracked
1880.jpg,cracked
1881.jpg,cracked
1882.jpg,cracked
1883.jpg,uncracked
1884.jpg,cracked
1885.jpg,cracked
1886.jpg,uncracked
1887.jpg,uncracked
1888.jpg,uncracked
1889.jpg,uncracked
1890.jpg,uncracked
1891.jpg,cracked
1892.jpg,cracked
1893.jpg,cracked
1894.jpg,uncracked
1895.jpg,cracked
1896.jpg,uncracked
1897.jpg,cracked
1898.jpg,uncracked
1899.jpg,uncracked
1900.jpg,uncracked
1901.jpg,uncracked
1902.jpg,uncracked
1903.jpg,uncracked
1904.jpg,uncracked
1905.jpg,uncracked
1906.jpg,uncracked
1907.jpg,cracked
1908.jpg,uncracked
1909.jpg,uncracked
1910.jpg,cracked
1911.jpg,cracked
1912.jpg,uncracked
1913.jpg,cracked
1914.jpg,uncracked
1915.jpg,uncracked
1916.jpg,cracked
1917.jpg,uncracked
1918.jpg,uncracked
1919.jpg,uncracked
1920.jpg,cracked
1921.jpg,uncracked
1922.jpg,uncracked
1923.jpg,uncracked
1924.jpg,cracked
1925.jpg,uncracked
1926.jpg,uncracked
1927.jpg,uncracked
1928.jpg,cracked
1929.jpg,uncracked
1930.jpg,cracked
1931.jpg,cracked
1932.jpg,cracked
1933.jpg,cracked
1934.jpg,uncracked
1935.jpg,uncracked
1936.jpg,cracked
1937.jpg,uncracked
1938.jpg,uncracked
1939.jpg,uncracked
1940.jpg,uncracked
1941.jpg,cracked
1942.jpg,uncracked
1943.jpg,cracked
1944.jpg,cracked
1945.jpg,cracked
1946.jpg,cracked
1947.jpg,uncracked
1948.jpg,cracked
1949.jpg,uncracked
1950.jpg,uncracked
1951.jpg,uncracked
1952.jpg,uncracked
1953.jpg,uncracked
1954.jpg,cracked
1955.jpg,uncracked
1956.jpg,cracked
1957.jpg,cracked
1958.jpg,uncracked
1959.jpg,uncracked
1960.jpg,cracked
1961.jpg,uncracked
1962.jpg,uncracked
1963.jpg,uncracked
1964.jpg,uncracked
1965.jpg,uncracked
1966.jpg,cracked
1967.jpg,uncracked
1968.jpg,uncracked
1969.jpg,uncracked
1970.jpg,uncracked
1971.jpg,uncracked
1972.jpg,uncracked
1973.jpg,uncracked
1974.jpg,cracked
1975.jpg,cracked
1976.jpg,uncracked
1977.jpg,uncracked
1978.jpg,cracked
1979.jpg,uncracked
1980.jpg,uncracked
1981.jpg,cracked
1982.jpg,cracked
1983.jpg,cracked
1984.jpg,cracked
1985.jpg,uncracked
1986.jpg,uncracked
1987.jpg,cracked
1988.jpg,uncracked
1989.jpg,uncracked
1990.jpg,uncracked
1991.jpg,uncracked
1992.jpg,uncracked
1993.jpg,uncracked
1994.jpg,cracked
1995.jpg,uncracked
1996.jpg,uncracked
1997.jpg,cracked
1998.jpg,cracked
1999.jpg,cracked
2000.jpg,uncracked
